aptDong,aptNm,buildYear,buyerGbn,cdealDay,cdealType,dealAmount,dealDay,dealMonth,dealYear,dealingGbn,estateAgentSggNm,excluUseAr,floor,jibun,landLeaseholdGbn,rgstDate,sggCd,slerGbn,umdNm
 ,개나리푸르지오,2006,개인, , ,"290,000",27,6,2026,중개거래,서울 강남구,59.6851,11,755-1,N, ,11680,개인,역삼동
 ,강남자곡 힐스테이트,2015,개인, , ,"140,000",12,6,2026,중개거래,"서울 강남구, 서울 서초구",51.96,12,619,N, ,11680,개인,자곡동
 ,대우디오빌,2002,개인, , ,"92,000",22,6,2026,중개거래,서울 강남구,59.505,21,720-25,N, ,11680,개인,역삼동
 ,삼익대청아파트,1992,개인, , ,"207,000",22,6,2026,중개거래,서울 강남구,51.12,8,12,N, ,11680,개인,개포동
 ,개포자이프레지던스,2023,개인, , ,"371,000",20,6,2026,중개거래,서울 강남구,84.5978,3,1284,N, ,11680,개인,개포동
 ,영무예다음,2006,개인, , ,"180,000",23,6,2026,중개거래,서울 강남구,115.88,3,122-7,N, ,11680,개인,삼성동
 ,래미안대치팰리스,2015,개인, , ,"475,000",17,6,2026,중개거래,서울 강남구,94.49,12,1027,N, ,11680,개인,대치동
 ,삼성동대성유니드,2004,개인, , ,"168,000",11,6,2026,중개거래,서울 강남구,83.93,5,129,N, ,11680,개인,삼성동
 ,개포자이프레지던스,2023,개인, , ,"401,000",25,6,2026,중개거래,서울 강남구,84.5978,23,1284,N, ,11680,개인,개포동
 ,래미안강남힐즈,2014,개인, , ,"230,000",24,6,2026,중개거래,서울 강남구,101.94,11,611,N, ,11680,개인,자곡동
 ,도곡렉슬,2006,개인, , ,"377,500",29,6,2026,중개거래,서울 강남구,84.9984,19,527,N, ,11680,개인,도곡동
 ,개포한신,1984,개인, , ,"290,000",27,6,2026,중개거래,서울 강남구,82.3,4,615-1,N, ,11680,개인,일원동
 ,강남엘에이치1단지,2013,개인, , ,"178,000",19,6,2026,중개거래,서울 강남구,59.89,10,579,N, ,11680,개인,세곡동
 ,개나리푸르지오,2006,개인, , ,"380,000",27,6,2026,중개거래,서울 강남구,132.8355,21,755-1,N, ,11680,개인,역삼동
 ,청담현대3차아파트,1999,개인, , ,"240,000",20,6,2026,중개거래,서울 강남구,59.95,9,127-31,N, ,11680,개인,청담동
 ,도곡렉슬,2006,개인, , ,"450,000",29,6,2026,중개거래,서울 강남구,120.8233,12,527,N, ,11680,법인,도곡동
 ,대우디오빌,2002,개인, , ,"30,500",23,6,2026,중개거래,서울 강남구,30.03,18,720-25,N, ,11680,개인,역삼동
 ,현대3차(61~64동),1976,개인, , ,"465,000",19,6,2026,중개거래,"서울 강남구, 서울 서초구",82.5,1,443,N, ,11680,개인,압구정동
 ,타워팰리스2,2003,개인, , ,"365,000",16,6,2026,중개거래,서울 강남구,115.63,4,467-17,N, ,11680,개인,도곡동
1,이지마루역삼,2018,개인, , ,"39,500",22,6,2026,중개거래,서울 강남구,26.5,7,678-27,N,26.07.16,11680,개인,역삼동
 ,개포주공7단지,1983,개인, , ,"298,000",20,6,2026,중개거래,서울 강남구,53.46,3,185,N, ,11680,개인,개포동
 ,삼성동중앙하이츠빌리지,2004,개인, , ,"435,000",12,6,2026,중개거래,서울 강남구,152.98,6,14-1,N, ,11680,개인,삼성동
 ,신동아,1992,개인, , ,"183,500",16,6,2026,중개거래,서울 강남구,39.53,14,736,N, ,11680,개인,수서동
 ,경남아너스빌,2002,개인, , ,"156,000",9,6,2026,직거래, ,81.013,10,722,N,26.07.13,11680,개인,역삼동
 ,이산,2011,개인, , ,"55,000",11,6,2026,중개거래,서울 서초구,57.18,2,194-22,N, ,11680,개인,논현동
 ,도곡우성아파트,1986,개인, , ,"270,000",22,6,2026,중개거래,서울 강남구,84.83,14,934-10,N, ,11680,개인,도곡동
 ,현대썬앤빌테헤란,2016,개인, , ,"49,200",26,6,2026,중개거래,서울 강남구,36.12,6,894,N, ,11680,개인,대치동
 ,현대썬앤빌테헤란,2016,개인, , ,"77,000",11,6,2026,중개거래,서울 강남구,49.24,7,894,N, ,11680,개인,대치동
 ,샘터마을,1994,개인, , ,"308,000",10,6,2026,중개거래,서울 강남구,115.366,3,718,N, ,11680,개인,일원동
 ,대치더클래스,2022,개인, , ,"235,000",22,6,2026,중개거래,서울 강남구,84.22,4,1031,N, ,11680,개인,대치동
 ,"쌍용대치아파트1동,2동,3동,5동,6동",1983,개인, , ,"470,000",25,6,2026,중개거래,서울 강남구,148.8,14,66,N, ,11680,개인,대치동
 ,선경1차(1동-7동),1983,개인, , ,"507,000",23,6,2026,중개거래,서울 강남구,136.68,8,506,N, ,11680,개인,대치동
 ,청담건영,1994,개인, , ,"330,000",11,6,2026,중개거래,서울 강남구,84.595,5,108,N, ,11680,법인,청담동
 ,한양6,1980,개인, , ,"520,000",30,6,2026,중개거래,서울 강남구,110.74,1,484,N, ,11680,개인,압구정동
 ,까치마을,1993,개인, , ,"145,000",20,6,2026,중개거래,서울 강남구,34.44,6,746,N, ,11680,개인,수서동
 ,개포우성2,1984,개인, , ,"620,000",24,6,2026,중개거래,서울 강남구,159.6,6,500,N, ,11680,개인,대치동
 ,두산위브1단지,2004,개인, , ,"212,000",29,6,2026,중개거래,서울 강남구,84.993,8,252-1,N, ,11680,개인,논현동
 ,한신(개포),1985,개인, , ,"320,000",27,6,2026,중개거래,서울 강남구,52.73,6,464,N, ,11680,개인,도곡동
 ,강남한신휴플러스6단지,2015,개인, , ,"180,000",7,6,2026,중개거래,서울 강남구,84.83,3,365,N, ,11680,개인,율현동
 ,도곡렉슬,2006,개인, , ,"269,000",27,6,2026,중개거래,서울 강남구,59.9772,22,527,N, ,11680,개인,도곡동
 ,개포자이프레지던스,2023,개인, , ,"274,000",26,6,2026,중개거래,서울 강남구,49.9528,5,1284,N, ,11680,개인,개포동
 ,세곡푸르지오,2012,개인, , ,"170,500",29,6,2026,중개거래,서울 강남구,59.89,5,533,N, ,11680,개인,세곡동
 ,두산위브2단지,2004,개인, , ,"242,000",30,6,2026,중개거래,서울 강남구,106.829,14,258,N, ,11680,개인,논현동
 ,개포래미안포레스트,2020,개인, , ,"319,000",6,6,2026,중개거래,서울 강남구,84.86,3,1282,N, ,11680,개인,개포동
 ,청담대우멤버스카운티12차,2004,개인, , ,"270,000",24,6,2026,중개거래,서울 강남구,141.88,4,110-11,N, ,11680,개인,청담동
 ,삼익,1992,개인, , ,"206,000",19,6,2026,중개거래,서울 강남구,49.2,10,708,N, ,11680,개인,수서동
 ,은마,1979,개인, , ,"393,000",30,6,2026,중개거래,서울 강남구,84.43,9,316,N, ,11680,개인,대치동
 ,개포우성2,1984,개인, , ,"500,000",26,6,2026,중개거래,서울 강남구,127.78,5,500,N, ,11680,개인,대치동
 ,개포래미안포레스트,2020,개인, , ,"400,000",6,6,2026,중개거래,서울 강남구,112.97,10,1282,N, ,11680,개인,개포동
 ,한양수자인어반게이트,2013,개인, , ,"18,000",30,6,2026,중개거래,서울 강남구,16.2,6,221-7,N,26.07.06,11680,개인,논현동
 ,현대13차(208~211동),1983,개인, , ,"610,000",3,6,2026,중개거래,서울 강남구,108.47,11,448,N, ,11680,개인,압구정동
 ,대치더클래스,2022,개인, , ,"208,000",3,6,2026,중개거래,서울 강남구,84.12,4,1031,N, ,11680,개인,대치동
 ,삼성동센트럴아이파크,2018,개인, , ,"388,000",26,6,2026,중개거래,서울 강남구,84.95,19,188,N, ,11680,개인,삼성동
 ,강남데시앙파크,2011,개인, , ,"160,000",30,6,2026,중개거래,서울 강남구,84.97,9,525,N, ,11680,개인,세곡동
 ,수서,1992,개인, , ,"190,500",29,6,2026,중개거래,서울 강남구,59.94,11,711,N, ,11680,개인,일원동
 ,푸른마을아파트101동~111동,1994,개인, , ,"230,000",27,6,2026,중개거래,"서울 강남구, 서울 송파구",59.76,11,719,N, ,11680,개인,일원동
 ,은마,1979,개인, , ,"348,000",12,6,2026,중개거래,서울 강남구,76.79,9,316,N, ,11680,개인,대치동
 ,청담신원아침도시마인,2013,개인, , ,"33,000",18,6,2026,중개거래,서울 강남구,27.0875,5,122-35,N, ,11680,개인,청담동
 ,도곡렉슬,2006,개인, , ,"290,000",27,6,2026,중개거래,서울 강남구,59.9818,14,527,N, ,11680,개인,도곡동
 ,삼성빌라트,1998,개인, , ,"137,700",17,6,2026,중개거래,"경기 안산시 단원구, 서울 강남구",120.98,5,79-5,N, ,11680,개인,논현동
 ,까치마을,1993,개인, , ,"161,500",28,6,2026,중개거래,서울 강남구,39.6,12,746,N, ,11680,개인,수서동
 ,까치마을,1993,개인, , ,"158,000",27,6,2026,중개거래,서울 강남구,39.6,1,746,N, ,11680,개인,수서동
 ,힐타워,2001,개인, , ,"129,000",10,6,2026,중개거래,서울 강남구,110.47,2,53-1,N, ,11680,개인,논현동
 ,삼익대청아파트,1992,개인, , ,"177,500",27,6,2026,중개거래,"서울 강남구, 서울 서초구",39.53,5,12,N, ,11680,개인,개포동
 ,신동아(22),1997,개인, , ,"133,000",27,6,2026,중개거래,서울 강남구,35.73,2,22,N, ,11680,개인,논현동
 ,대치르엘,2021,개인, , ,"280,000",22,6,2026,직거래, ,59.9972,4,1030,N, ,11680,개인,대치동
 ,강남센트럴아이파크,2022,개인, , ,"292,000",11,6,2026,중개거래,서울 강남구,59.945,29,902,N, ,11680,개인,역삼동
 ,프리마빌,2003,개인, , ,"105,000",26,6,2026,중개거래,서울 강남구,92.35,1,727-11,N, ,11680,개인,역삼동
 ,성원대치2단지아파트,1992,개인, , ,"159,500",27,6,2026,중개거래,"서울 강남구, 서울 서초구",33.18,11,12,N, ,11680,개인,개포동
212,래미안블레스티지,2019,개인, , ,"312,600",9,6,2026,중개거래,서울 강남구,84.94,21,1280,N,26.06.29,11680,개인,개포동
 ,개포자이프레지던스,2023,개인, , ,"248,000",25,6,2026,중개거래,서울 강남구,45.8769,5,1284,N, ,11680,개인,개포동
14,개포우성2,1984,개인, , ,"610,000",24,6,2026,중개거래,서울 강남구,159.6,8,500,N,26.07.09,11680,개인,대치동
 ,개포자이르네,2022,개인, , ,"144,000",11,6,2026,중개거래,서울 강남구,50.8665,7,1283,N, ,11680,개인,개포동
 ,강남엘에이치1단지,2013,개인, , ,"192,000",25,6,2026,중개거래,서울 강남구,74.74,14,579,N, ,11680,개인,세곡동
 ,은마,1979,개인, , ,"337,000",23,6,2026,중개거래,서울 강남구,76.79,2,316,N, ,11680,개인,대치동
 ,신동아,1992,개인, , ,"159,500",25,6,2026,중개거래,서울 송파구,33.18,7,736,N, ,11680,개인,수서동
 ,한화진넥스빌,2001,개인, , ,"34,500",24,6,2026,중개거래,서울 강남구,39.2,19,706-20,N, ,11680,개인,역삼동
 ,강남자곡 힐스테이트,2015,개인, , ,"130,000",5,6,2026,중개거래,서울 송파구,84.39,3,619,N, ,11680,개인,자곡동
9,한양1차(영동한양),1977,개인, , ,"565,000",12,6,2026,중개거래,서울 강남구,91.21,5,490,N,26.06.30,11680,개인,압구정동
 ,삼익대청아파트,1992,개인, , ,"190,000",1,6,2026,중개거래,서울 강남구,51.12,2,12,N, ,11680,개인,개포동
 ,현대1차101동~106동,1984,개인, , ,"357,000",5,6,2026,중개거래,서울 강남구,128.62,9,653,N, ,11680,개인,개포동
 ,성원대치2단지아파트,1992,개인, , ,"160,000",24,6,2026,중개거래,서울 강남구,33.18,12,12,N, ,11680,개인,개포동
 ,개포자이프레지던스,2023,개인, , ,"350,000",1,6,2026,중개거래,"서울 강남구, 서울 용산구",78.7747,6,1284,N, ,11680,개인,개포동
 ,개포자이프레지던스,2023,개인, , ,"372,000",3,6,2026,중개거래,서울 강남구,84.5978,13,1284,N, ,11680,개인,개포동
 ,래미안강남힐즈,2014,개인,26.07.14,O,"230,000",24,6,2026,중개거래,서울 강남구,101.94,11,611,N, ,11680,개인,자곡동
 ,래미안블레스티지,2019,개인, , ,"360,000",1,6,2026,중개거래,서울 강남구,113.808,1,1280,N, ,11680,개인,개포동
 ,삼성동롯데아파트,2000,개인,26.07.24,O,"235,000",4,6,2026,중개거래,서울 강남구,59.4,2,17,N, ,11680,개인,삼성동
 ,현대2,1986,개인, , ,"325,000",4,6,2026,중개거래,서울 강남구,84.81,1,654,N, ,11680,개인,개포동
 ,디에이치자이개포,2021,개인, , ,"432,000",6,6,2026,중개거래,서울 강남구,103.86,21,743,N, ,11680,개인,일원동
 ,현대13차(208~211동),1983,개인,26.07.08,O,"610,000",11,6,2026,중개거래,서울 강남구,105.45,5,448,N, ,11680,개인,압구정동
 ,래미안블레스티지,2019,개인, , ,"350,000",3,6,2026,중개거래,서울 강남구,99.991,3,1280,N, ,11680,개인,개포동
 ,삼환(101동),1999,개인, , ,"215,000",23,6,2026,중개거래,서울 강남구,84.88,1,10,N, ,11680,개인,청담동
 ,신현대9차,1982,개인, , ,"662,500",16,6,2026,중개거래,서울 강남구,111.38,11,426,N, ,11680,개인,압구정동
 ,이산,2011,개인, , ,"70,000",20,6,2026,중개거래,서울 강남구,64.23,5,194-22,N, ,11680,개인,논현동
 ,풍림(1차),1998,개인, , ,"285,000",22,6,2026,중개거래,서울 강남구,84.78,3,106,N, ,11680,개인,삼성동
 ,"현대5차(71,72동)",1977,개인, , ,"550,000",3,6,2026,중개거래,서울 강남구,82.23,4,455,N, ,11680,개인,압구정동
 ,풍림아이원2차202동,2003,개인, , ,"255,000",23,6,2026,중개거래,서울 강남구,156.21,7,910-6,N, ,11680,개인,대치동
 ,개포자이프레지던스,2023,개인, , ,"348,000",6,6,2026,중개거래,서울 강남구,84.5978,2,1284,N, ,11680,개인,개포동
 ,도곡렉슬,2006,개인, , ,"413,000",6,6,2026,중개거래,서울 강남구,119.8906,5,527,N, ,11680,개인,도곡동
 ,압구정대원칸타빌아파트,2001,개인, , ,"165,000",22,6,2026,중개거래,서울 강남구,59.73,8,659,N, ,11680,개인,신사동
 ,삼성동대성유니드,2004,개인,26.07.15,O,"168,000",11,6,2026,중개거래,서울 강남구,83.93,5,129,N, ,11680,개인,삼성동
 ,미성2차,1987,개인, , ,"515,000",19,6,2026,중개거래,서울 강남구,118.63,5,397,N, ,11680,개인,압구정동
 ,대림역삼,1997,개인, , ,"230,000",15,6,2026,중개거래,서울 강남구,84.96,7,761-10,N, ,11680,개인,역삼동
 ,도곡스타클래스,2007,개인, , ,"177,000",22,6,2026,중개거래,서울 강남구,111.38,12,957-11,N, ,11680,개인,도곡동
 ,경남아너스빌,2002,개인, , ,"181,000",1,6,2026,중개거래,서울 강남구,84.688,15,722,N, ,11680,개인,역삼동
 ,대우로얄카운티2,2002,개인, , ,"473,000",15,6,2026,직거래, ,241.24,4,116-5,N,26.06.22,11680,개인,청담동
 ,삼성동한솔아파트,1998,개인, , ,"213,000",13,6,2026,중개거래,서울 강남구,58.57,14,4-6,N, ,11680,개인,삼성동
 ,도곡렉슬,2006,개인, , ,"415,000",11,6,2026,중개거래,"서울 강남구, 서울 서초구",119.8906,5,527,N, ,11680,개인,도곡동
 ,삼성동센트럴아이파크,2018,개인, , ,"413,000",4,6,2026,중개거래,서울 강남구,84.99,12,188,N, ,11680,개인,삼성동
 ,신현대12차,1982,개인, , ,"599,000",10,6,2026,중개거래,서울 강남구,112.05,1,434,N, ,11680,개인,압구정동
 ,대우아이빌멤버스(891-26),2003,개인, , ,"25,000",15,6,2026,직거래, ,35.796,10,891-26,N,26.06.22,11680,개인,대치동
 ,신현대12차,1982,개인, , ,"600,000",20,6,2026,중개거래,서울 강남구,112.05,1,434,N, ,11680,개인,압구정동
 ,개포래미안포레스트,2020,개인, , ,"320,000",21,6,2026,중개거래,서울 강남구,84.86,20,1282,N, ,11680,개인,개포동
 ,강남데시앙파크,2011,개인, , ,"151,000",20,6,2026,중개거래,서울 강남구,84.95,6,525,N, ,11680,개인,세곡동
 ,개포주공6단지,1983,개인, , ,"320,000",20,6,2026,중개거래,서울 강남구,60.13,9,185,N, ,11680,개인,개포동
 ,아이파크,2004,개인, , ,"977,000",9,6,2026,중개거래,서울 강남구,195.388,5,87,N, ,11680,개인,삼성동
 ,대우아이빌명문가(891-23),2004,개인, , ,"26,000",9,6,2026,중개거래,서울 강남구,33.06,10,891-23,N, ,11680,개인,대치동
 ,은마,1979,개인, , ,"345,000",20,6,2026,중개거래,서울 강남구,76.79,13,316,N, ,11680,개인,대치동
 ,까치마을,1993,개인, , ,"201,500",19,6,2026,중개거래,서울 강남구,49.5,14,746,N, ,11680,개인,수서동
 ,도곡스타클래스,2007,개인, , ,"190,000",19,6,2026,중개거래,서울 강남구,112.75,16,957-11,N, ,11680,개인,도곡동
 ,강남자곡 힐스테이트,2015,개인, , ,"139,400",19,6,2026,중개거래,서울 강남구,51.96,5,619,N, ,11680,개인,자곡동
 ,청담자이,2011,개인, , ,"505,000",18,6,2026,중개거래,서울 강남구,89.115,34,134-38,N, ,11680,개인,청담동
 ,강남데시앙파크,2011,개인, , ,"152,000",19,6,2026,중개거래,서울 강남구,84.97,9,525,N, ,11680,개인,세곡동
 ,신동아(22),1997,개인, , ,"135,000",19,6,2026,중개거래,서울 강남구,35.73,4,22,N, ,11680,개인,논현동
 ,강남브리즈힐(토지임대부아파트),2014,개인, , ,"125,000",18,6,2026,중개거래,서울 강남구,74.04,14,618,Y, ,11680,개인,자곡동
 ,한양3,1978,개인, , ,"600,000",8,6,2026,중개거래,서울 강남구,116.94,10,489,N, ,11680,개인,압구정동
 ,청담자이,2011,개인, , ,"248,500",8,6,2026,중개거래,서울 강남구,49.639,3,134-38,N, ,11680,개인,청담동
 ,현대8차(성수현대:91~95동),1980,개인, , ,"700,000",17,6,2026,중개거래,서울 강남구,163.67,6,481,N, ,11680,개인,압구정동
 ,도곡렉슬,2006,개인, , ,"340,000",3,6,2026,중개거래,서울 강남구,84.9984,2,527,N, ,11680,개인,도곡동
 ,디에이치아너힐즈,2019,개인, , ,"348,000",6,6,2026,중개거래,서울 강남구,84.357,16,1281,N, ,11680,개인,개포동
 ,타워팰리스1,2002,개인, , ,"443,000",5,6,2026,중개거래,서울 강남구,137.24,10,467,N, ,11680,개인,도곡동
 ,래미안블레스티지,2019,개인, , ,"392,000",13,6,2026,중개거래,서울 강남구,99.967,23,1280,N, ,11680,개인,개포동
 ,래미안대치팰리스,2015,개인, , ,"445,000",16,6,2026,중개거래,서울 강남구,91.89,20,1027,N, ,11680,개인,대치동
1,BRUNNEN청담,2019,개인, , ,"520,000",12,6,2026,직거래, ,202.79,3,114-9,N,26.06.18,11680,개인,청담동
 ,한신(개포),1985,개인, , ,"364,000",17,6,2026,중개거래,서울 강남구,83.86,8,464,N, ,11680,개인,도곡동
 ,도곡렉슬,2006,개인, , ,"391,500",4,6,2026,중개거래,서울 강남구,114.9931,2,527,N, ,11680,개인,도곡동
 ,강남센트럴아이파크,2022,개인, , ,"430,000",4,6,2026,중개거래,서울 강남구,115.216,19,902,N, ,11680,개인,역삼동
 ,래미안라클래시,2021,개인, , ,"362,000",16,6,2026,중개거래,서울 강남구,71.95,23,189,N, ,11680,개인,삼성동
127,신현대11차,1983,개인, , ,"940,000",16,6,2026,중개거래,서울 강남구,183.41,4,433,N,26.06.19,11680,개인,압구정동
 ,강남자곡 힐스테이트,2015,개인,26.07.21,O,"140,000",12,6,2026,중개거래,"서울 강남구, 서울 서초구",51.96,12,619,N, ,11680,개인,자곡동
 ,삼성동롯데아파트,2000,개인,26.06.24,O,"235,000",4,6,2026,중개거래,서울 강남구,59.4,2,17,N, ,11680,개인,삼성동
 ,도곡렉슬,2006,개인, , ,"418,000",13,6,2026,중개거래,서울 강남구,119.8906,5,527,N, ,11680,개인,도곡동
 ,마일스디오빌,2004,개인, , ,"37,200",5,6,2026,중개거래,서울 서초구,36.29,14,58-2,N, ,11680,개인,논현동
 ,삼익,1983,개인, , ,"280,000",1,6,2026,중개거래,서울 강남구,153.71,6,869,N, ,11680,개인,도곡동
2,선경1차(1동-7동),1983,개인, , ,"600,000",2,6,2026,중개거래,서울 강남구,163.92,9,506,N,26.07.16,11680,개인,대치동
 ,세곡푸르지오,2012,개인, , ,"188,000",15,6,2026,중개거래,"서울 강남구, 서울 마포구",74.74,15,533,N, ,11680,개인,세곡동
 ,하이페리온,2004,개인, , ,"315,000",10,6,2026,중개거래,서울 강남구,182.6,5,968,N, ,11680,법인,도곡동
 ,"현대6차(78~81,83,84,86,87동)",1978,개인, , ,"792,000",5,6,2026,중개거래,서울 강남구,157.36,8,456,N, ,11680,개인,압구정동
 ,한보미도맨션1,1983,개인, , ,"404,000",6,6,2026,중개거래,서울 강남구,84.48,11,511,N, ,11680,개인,대치동
 ,럭키(963),1995,개인, , ,"262,000",14,6,2026,중개거래,서울 강남구,84.97,11,963,N, ,11680,개인,도곡동
 ,래미안블레스티지,2019,개인,26.06.18,O,"392,000",13,6,2026,중개거래,서울 강남구,99.967,23,1280,N, ,11680,개인,개포동
 ,성원대치2단지아파트,1992,개인, , ,"150,000",13,6,2026,중개거래,서울 강남구,33.18,5,12,N, ,11680,개인,개포동
201,세곡푸르지오,2012,개인, , ,"191,000",12,6,2026,중개거래,서울 강남구,84.84,9,533,N,26.07.10,11680,개인,세곡동
 ,논현파라곤,2007,개인, , ,"155,000",13,6,2026,중개거래,서울 강남구,84.4,7,241-1,N, ,11680,개인,논현동
 ,그랜빌캐슬,2003,개인, , ,"250,000",11,6,2026,중개거래,서울 강남구,136.14,2,190-3,N, ,11680,개인,도곡동
 ,신동아,1992,개인, , ,"161,000",12,6,2026,중개거래,서울 강남구,33.18,5,736,N, ,11680,개인,수서동
 ,개포자이프레지던스,2023,개인, , ,"430,000",2,6,2026,중개거래,서울 강남구,102.7636,7,1284,N, ,11680,개인,개포동
 ,현대아파트3,1986,개인, , ,"401,000",2,6,2026,중개거래,서울 강남구,163.85,6,177,N, ,11680,개인,개포동
 ,마일스디오빌,2004,개인, , ,"35,000",12,6,2026,중개거래,서울 강남구,36.29,12,58-2,N, ,11680,개인,논현동
 ,현대1차101동~106동,1984,개인, , ,"400,000",10,6,2026,중개거래,서울 강남구,177.19,3,653,N, ,11680,개인,개포동
 ,성원대치2단지아파트,1992,개인, , ,"171,500",11,6,2026,중개거래,서울 강남구,39.53,3,12,N, ,11680,개인,개포동
 ,논현동한화꿈에그린,2005,개인, , ,"111,000",4,6,2026,중개거래,서울 강남구,67.671,1,205-2,N, ,11680,개인,논현동
 ,한솔마을,1994,개인, , ,"265,000",8,6,2026,중개거래,서울 서초구,63.76,2,731,N, ,11680,개인,일원동
 ,삼성동힐스테이트 1단지,2008,개인, , ,"173,000",10,6,2026,중개거래,서울 강남구,31.402,16,16-2,N, ,11680,개인,삼성동
 ,우민,2002,개인, , ,"143,000",9,6,2026,중개거래,서울 강남구,74.758,4,107-44,N, ,11680,개인,논현동
 ,삼성동롯데캐슬킹덤,2005,개인, , ,"278,000",1,6,2026,중개거래,서울 강남구,131.65,4,43,N, ,11680,개인,삼성동
 ,신현대12차,1982,개인, , ,"610,000",10,6,2026,중개거래,"서울 강남구, 서울 광진구",108.31,11,434,N, ,11680,개인,압구정동
 ,펜트힐루논현,2021,개인, , ,"100,000",2,6,2026,직거래, ,43.392,8,211-21,N,26.06.18,11680,개인,논현동
 ,타워팰리스3,2004,개인, , ,"570,000",4,6,2026,중개거래,서울 강남구,163.702,21,467-29,N, ,11680,개인,도곡동
 ,한일,2001,개인, , ,"229,000",8,6,2026,중개거래,서울 강남구,80.29,9,48,N, ,11680,개인,삼성동
 ,현대1차101동~106동,1984,개인, , ,"306,000",2,6,2026,중개거래,서울 강남구,95.4,5,653,N, ,11680,개인,개포동
 ,은마,1979,개인, , ,"377,000",3,6,2026,중개거래,서울 강남구,84.43,3,316,N, ,11680,개인,대치동
 ,도곡렉슬,2006,개인, , ,"364,000",6,6,2026,중개거래,"경기 김포시, 서울 강남구",84.9984,11,527,N, ,11680,개인,도곡동
 ,까치마을,1993,개인, , ,"153,500",8,6,2026,중개거래,"서울 강남구, 서울 서초구",34.44,7,746,N, ,11680,개인,수서동
 ,현대4,1987,개인, , ,"242,000",5,6,2026,중개거래,서울 강남구,84.98,1,614,N, ,11680,개인,일원동
 ,신현대11차,1983,개인, , ,"920,000",2,6,2026,중개거래,서울 강남구,183.41,3,433,N, ,11680,개인,압구정동
 ,풍림(1차),1998,개인, , ,"220,000",1,6,2026,중개거래,서울 강남구,59.7,9,106,N, ,11680,개인,삼성동
 ,개포래미안포레스트,2020,개인, , ,"270,000",3,6,2026,중개거래,서울 강남구,59.92,4,1282,N, ,11680,개인,개포동
 ,개포래미안포레스트,2020,개인, , ,"325,000",6,6,2026,중개거래,서울 강남구,84.86,7,1282,N, ,11680,개인,개포동
 ,한양1차(영동한양),1977,개인, , ,"389,000",5,6,2026,중개거래,서울 강남구,49.98,11,490,N, ,11680,개인,압구정동
 ,동부센트레빌,2005,개인, , ,"590,000",5,6,2026,중개거래,서울 강남구,145.83,12,670,N, ,11680,개인,대치동
 ,거평프리젠,1996,개인, , ,"35,000",2,6,2026,중개거래,서울 강남구,30.215,7,196,N, ,11680,개인,논현동
 ,강남 더샵 포레스트,2016,개인, , ,"320,000",5,6,2026,중개거래,서울 강남구,124.5792,10,799,N, ,11680,개인,수서동
 ,도곡1차아이파크,2007,개인, , ,"251,000",4,6,2026,직거래, ,134.789,25,543-7,N, ,11680,개인,도곡동
 ,신현대9차,1982,개인, , ,"610,000",4,6,2026,중개거래,서울 강남구,108.88,2,426,N, ,11680,개인,압구정동
 ,삼성동힐스테이트 1단지,2008,개인, , ,"360,000",4,6,2026,중개거래,서울 강남구,84.236,13,16-2,N, ,11680,개인,삼성동
 ,개포더샵트리에,2021,개인, , ,"285,000",4,6,2026,중개거래,"서울 강남구, 서울 송파구",108.2017,8,651-1,N, ,11680,개인,개포동
 ,성원대치2단지아파트,1992,개인, , ,"171,000",3,6,2026,중개거래,서울 강남구,39.53,9,12,N, ,11680,개인,개포동
 ,새롬(1164-14),2000,개인, , ,"82,000",3,6,2026,중개거래,서울 강남구,57.93,6,1164-14,N,26.06.22,11680,개인,개포동
 ,개포더샵트리에,2021,개인, , ,"280,000",3,6,2026,중개거래,서울 강남구,105.8064,14,651-1,N, ,11680,개인,개포동
 ,성원대치2단지아파트,1992,개인, , ,"152,000",3,6,2026,중개거래,서울 강남구,33.18,5,12,N, ,11680,개인,개포동
 ,개포주공7단지,1983,개인, , ,"305,000",3,6,2026,중개거래,서울 강남구,60.76,3,185,N, ,11680,개인,개포동
 ,개포래미안포레스트,2020,개인, , ,"320,000",3,6,2026,중개거래,서울 강남구,84.86,11,1282,N, ,11680,개인,개포동
 ,래미안대치팰리스,2015,개인, , ,"440,000",3,6,2026,중개거래,서울 강남구,84.97,15,1027,N, ,11680,개인,대치동
 ,강남자곡 힐스테이트,2015,개인, , ,"154,000",2,6,2026,중개거래,서울 강남구,59.93,3,619,N, ,11680,개인,자곡동
 ,타워팰리스3,2004,개인, , ,"360,000",3,6,2026,중개거래,서울 강남구,124.641,30,467-29,N, ,11680,개인,도곡동
 ,까치마을,1993,개인, , ,"169,000",3,6,2026,중개거래,서울 강남구,39.6,12,746,N, ,11680,개인,수서동
 ,럭키(963),1995,개인, , ,"258,000",2,6,2026,중개거래,"서울 강남구, 서울 양천구",84.97,13,963,N, ,11680,개인,도곡동
 ,래미안삼성2차,2007,개인, , ,"310,000",2,6,2026,중개거래,서울 강남구,101.38,4,7-3,N, ,11680,개인,삼성동
 ,삼성동힐스테이트 1단지,2008,개인, , ,"270,000",2,6,2026,중개거래,서울 강남구,84.236,5,16-2,N, ,11680,개인,삼성동
214,성원대치2단지아파트,1992,개인, , ,"153,000",2,6,2026,중개거래,"서울 강남구, 서울 서초구",33.18,12,12,N,26.07.03,11680,개인,개포동
비,타워팰리스1,2002,개인, , ,"450,000",2,6,2026,직거래, ,174.67,13,467,N,26.06.02,11680,개인,도곡동
 ,청담대림이-편한세상,2002,개인, , ,"255,000",1,6,2026,중개거래,서울 강남구,81.84,8,30-33,N, ,11680,개인,청담동
 ,개포래미안포레스트,2020,개인, , ,"273,000",2,6,2026,중개거래,서울 강남구,59.92,12,1282,N, ,11680,개인,개포동
 ,삼익대청아파트,1992,개인, , ,"193,000",2,6,2026,중개거래,서울 강남구,51.12,13,12,N, ,11680,법인,개포동
 ,동부센트레빌,2005,개인, , ,"540,000",1,6,2026,중개거래,서울 강남구,145.83,16,670,N, ,11680,개인,대치동
 ,네오블로썸,2009,개인, , ,"150,000",1,6,2026,중개거래,서울 강남구,101.16,4,42-4,N, ,11680,개인,삼성동
웨스트윙,아이파크,2004,개인, , ,"665,000",1,6,2026,중개거래,서울 강남구,145.046,9,87,N,26.07.01,11680,개인,삼성동
 ,대치현대,1999,개인, , ,"242,000",1,6,2026,중개거래,서울 강남구,59.82,4,974,N, ,11680,개인,대치동
 ,신동아(22),1997,개인, , ,"210,000",1,6,2026,중개거래,서울 강남구,84.52,8,22,N, ,11680,개인,논현동
 ,개포우성3차,1984,개인, , ,"295,000",1,6,2026,중개거래,서울 강남구,104.43,1,652,N, ,11680,개인,개포동
