대분류,죄종,발생건수,검거건수,발생대비 검거율(%),검거인원,법인체
총계,총계,378712,289323,76.4,306987,2238
강력범죄,소계,6176,5749,93.1,5965,2
강력범죄,살인기수,68,63,92.6,70,0
강력범죄,살인미수등,105,95,90.5,105,0
강력범죄,강도,159,117,73.6,174,0
강력범죄,강간,1311,1211,92.4,1239,0
강력범죄,유사강간,180,185,102.8,200,0
강력범죄,강제추행,4120,3861,93.7,3951,0
강력범죄,기타 강간/강제추행등,38,39,102.6,48,0
강력범죄,방화,195,178,91.3,178,2
절도범죄,절도범죄,41159,27430,66.6,22402,2
폭력범죄,소계,50142,45206,90.2,56586,7
폭력범죄,상해,4031,3871,96.0,4623,0
폭력범죄,폭행,27256,26351,96.7,33365,0
폭력범죄,체포/감금,248,213,85.9,300,0
폭력범죄,협박,6248,5963,95.4,6418,1
폭력범죄,약취/유인,158,153,96.8,183,0
폭력범죄,폭력행위등,1115,1075,96.4,3542,1
폭력범죄,공갈,997,642,64.4,809,0
폭력범죄,손괴,10089,6938,68.8,7346,5
지능범죄,소계,114682,69204,60.3,61143,152
지능범죄,직무유기,317,133,42.0,253,0
지능범죄,직권남용,451,219,48.6,388,5
지능범죄,증수뢰,182,113,62.1,286,4
지능범죄,통화,90,23,25.6,24,0
지능범죄,문서/인장,2959,2213,74.8,3085,9
지능범죄,유가증권인지,8,8,100.0,5,0
지능범죄,사기,93761,57130,60.9,46441,111
지능범죄,횡령,15926,8467,53.2,8900,7
지능범죄,배임,988,898,90.9,1761,16
풍속범죄,소계,6884,6113,88.8,9586,0
풍속범죄,성풍속범죄,4774,3991,83.6,4451,0
풍속범죄,도박범죄,2110,2122,100.6,5135,0
특별경제범죄,특별경제범죄,32680,24452,74.8,26138,507
마약범죄,마약범죄,2377,2210,93.0,2956,2
보건범죄,보건범죄,1956,1886,96.4,2676,47
환경범죄,환경범죄,568,536,94.4,597,216
교통범죄,교통범죄,51965,50252,96.7,51326,360
노동범죄,노동범죄,76,58,76.3,104,11
안보범죄,안보범죄,429,361,84.1,818,0
선거범죄,선거범죄,227,231,101.8,530,7
병역범죄,병역범죄,2192,1995,91.0,1975,1
기타범죄,기타범죄,67199,53640,79.8,64185,924
