분기,대분류,죄종,발생건수,검거건수,발생대비 검거율(%),검거인원,법인체
2025년 3분기,총계,총계,451278,347501,77.0,355188,2620
2025년 3분기,강력범죄,소계,6809,6324,92.9,6625,0
2025년 3분기,강력범죄,살인기수,59,58,98.3,76,0
2025년 3분기,강력범죄,살인미수등,127,122,96.1,132,0
2025년 3분기,강력범죄,강도,128,118,92.2,188,0
2025년 3분기,강력범죄,강간,1429,1322,92.5,1392,0
2025년 3분기,강력범죄,유사강간,284,278,97.9,294,0
2025년 3분기,강력범죄,강제추행,4501,4162,92.5,4252,0
2025년 3분기,강력범죄,기타 강간/강제추행등,43,38,88.4,56,0
2025년 3분기,강력범죄,방화,238,226,95.0,235,0
2025년 3분기,절도범죄,절도범죄,45758,34049,74.4,26954,0
2025년 3분기,폭력범죄,소계,57662,52383,90.8,64923,8
2025년 3분기,폭력범죄,상해,4562,4443,97.4,5278,0
2025년 3분기,폭력범죄,폭행,30936,29925,96.7,38107,0
2025년 3분기,폭력범죄,체포/감금,257,228,88.7,269,0
2025년 3분기,폭력범죄,협박,7394,7019,94.9,7468,1
2025년 3분기,폭력범죄,약취/유인,127,114,89.8,133,2
2025년 3분기,폭력범죄,폭력행위등,1300,1284,98.8,3812,0
2025년 3분기,폭력범죄,공갈,1143,774,67.7,890,1
2025년 3분기,폭력범죄,손괴,11943,8596,72.0,8966,4
2025년 3분기,지능범죄,소계,146909,89503,60.9,71698,181
2025년 3분기,지능범죄,직무유기,290,104,35.9,197,2
2025년 3분기,지능범죄,직권남용,462,210,45.5,435,1
2025년 3분기,지능범죄,증수뢰,78,67,85.9,163,2
2025년 3분기,지능범죄,통화,109,26,23.9,23,0
2025년 3분기,지능범죄,문서/인장,3960,2928,73.9,3722,16
2025년 3분기,지능범죄,유가증권인지,26,14,53.8,18,0
2025년 3분기,지능범죄,사기,123100,75615,61.4,55466,143
2025년 3분기,지능범죄,횡령,17792,9532,53.6,9985,15
2025년 3분기,지능범죄,배임,1092,1007,92.2,1689,2
2025년 3분기,풍속범죄,소계,8314,7167,86.2,10371,1
2025년 3분기,풍속범죄,성풍속범죄,5541,4540,81.9,4822,1
2025년 3분기,풍속범죄,도박범죄,2773,2627,94.7,5549,0
2025년 3분기,특별경제범죄,특별경제범죄,37375,28726,76.9,30479,565
2025년 3분기,마약범죄,마약범죄,3295,3057,92.8,3749,3
2025년 3분기,보건범죄,보건범죄,1955,1902,97.3,2534,60
2025년 3분기,환경범죄,환경범죄,655,605,92.4,664,231
2025년 3분기,교통범죄,교통범죄,58040,56321,97.0,57251,469
2025년 3분기,노동범죄,노동범죄,102,88,86.3,159,7
2025년 3분기,안보범죄,안보범죄,486,425,87.4,681,0
2025년 3분기,선거범죄,선거범죄,1563,861,55.1,1114,1
2025년 3분기,병역범죄,병역범죄,2344,2129,90.8,2095,1
2025년 3분기,기타범죄,기타범죄,80011,63961,79.9,75891,1093
2025년 4분기,총계,총계,378712,289323,76.4,306987,2238
2025년 4분기,강력범죄,소계,6176,5749,93.1,5965,2
2025년 4분기,강력범죄,살인기수,68,63,92.6,70,0
2025년 4분기,강력범죄,살인미수등,105,95,90.5,105,0
2025년 4분기,강력범죄,강도,159,117,73.6,174,0
2025년 4분기,강력범죄,강간,1311,1211,92.4,1239,0
2025년 4분기,강력범죄,유사강간,180,185,102.8,200,0
2025년 4분기,강력범죄,강제추행,4120,3861,93.7,3951,0
2025년 4분기,강력범죄,기타 강간/강제추행등,38,39,102.6,48,0
2025년 4분기,강력범죄,방화,195,178,91.3,178,2
2025년 4분기,절도범죄,절도범죄,41159,27430,66.6,22402,2
2025년 4분기,폭력범죄,소계,50142,45206,90.2,56586,7
2025년 4분기,폭력범죄,상해,4031,3871,96.0,4623,0
2025년 4분기,폭력범죄,폭행,27256,26351,96.7,33365,0
2025년 4분기,폭력범죄,체포/감금,248,213,85.9,300,0
2025년 4분기,폭력범죄,협박,6248,5963,95.4,6418,1
2025년 4분기,폭력범죄,약취/유인,158,153,96.8,183,0
2025년 4분기,폭력범죄,폭력행위등,1115,1075,96.4,3542,1
2025년 4분기,폭력범죄,공갈,997,642,64.4,809,0
2025년 4분기,폭력범죄,손괴,10089,6938,68.8,7346,5
2025년 4분기,지능범죄,소계,114682,69204,60.3,61143,152
2025년 4분기,지능범죄,직무유기,317,133,42.0,253,0
2025년 4분기,지능범죄,직권남용,451,219,48.6,388,5
2025년 4분기,지능범죄,증수뢰,182,113,62.1,286,4
2025년 4분기,지능범죄,통화,90,23,25.6,24,0
2025년 4분기,지능범죄,문서/인장,2959,2213,74.8,3085,9
2025년 4분기,지능범죄,유가증권인지,8,8,100.0,5,0
2025년 4분기,지능범죄,사기,93761,57130,60.9,46441,111
2025년 4분기,지능범죄,횡령,15926,8467,53.2,8900,7
2025년 4분기,지능범죄,배임,988,898,90.9,1761,16
2025년 4분기,풍속범죄,소계,6884,6113,88.8,9586,0
2025년 4분기,풍속범죄,성풍속범죄,4774,3991,83.6,4451,0
2025년 4분기,풍속범죄,도박범죄,2110,2122,100.6,5135,0
2025년 4분기,특별경제범죄,특별경제범죄,32680,24452,74.8,26138,507
2025년 4분기,마약범죄,마약범죄,2377,2210,93.0,2956,2
2025년 4분기,보건범죄,보건범죄,1956,1886,96.4,2676,47
2025년 4분기,환경범죄,환경범죄,568,536,94.4,597,216
2025년 4분기,교통범죄,교통범죄,51965,50252,96.7,51326,360
2025년 4분기,노동범죄,노동범죄,76,58,76.3,104,11
2025년 4분기,안보범죄,안보범죄,429,361,84.1,818,0
2025년 4분기,선거범죄,선거범죄,227,231,101.8,530,7
2025년 4분기,병역범죄,병역범죄,2192,1995,91.0,1975,1
2025년 4분기,기타범죄,기타범죄,67199,53640,79.8,64185,924
2026년 1분기,총계,총계,373083,282498,75.7,304289,2390
2026년 1분기,강력범죄,소계,5706,5435,95.3,5698,2
2026년 1분기,강력범죄,살인기수,59,58,98.3,56,0
2026년 1분기,강력범죄,살인미수등,102,98,96.1,120,0
2026년 1분기,강력범죄,강도,139,139,100.0,248,0
2026년 1분기,강력범죄,강간,1217,1167,95.9,1217,0
2026년 1분기,강력범죄,유사강간,243,230,94.7,233,0
2026년 1분기,강력범죄,강제추행,3684,3507,95.2,3580,0
2026년 1분기,강력범죄,기타 강간/강제추행등,41,36,87.8,42,0
2026년 1분기,강력범죄,방화,221,200,90.5,202,2
2026년 1분기,절도범죄,절도범죄,38211,27371,71.6,22422,1
2026년 1분기,폭력범죄,소계,49233,44935,91.3,56323,6
2026년 1분기,폭력범죄,상해,4069,3932,96.6,4695,1
2026년 1분기,폭력범죄,폭행,26889,25995,96.7,33111,0
2026년 1분기,폭력범죄,체포/감금,218,198,90.8,263,0
2026년 1분기,폭력범죄,협박,6231,5913,94.9,6365,0
2026년 1분기,폭력범죄,약취/유인,150,141,94.0,174,0
2026년 1분기,폭력범죄,폭력행위등,1248,1193,95.6,3534,0
2026년 1분기,폭력범죄,공갈,1063,772,72.6,1022,0
2026년 1분기,폭력범죄,손괴,9365,6791,72.5,7159,5
2026년 1분기,지능범죄,소계,121048,69129,57.1,65347,198
2026년 1분기,지능범죄,직무유기,322,164,50.9,379,3
2026년 1분기,지능범죄,직권남용,461,265,57.5,522,3
2026년 1분기,지능범죄,증수뢰,95,77,81.1,367,0
2026년 1분기,지능범죄,통화,86,19,22.1,19,0
2026년 1분기,지능범죄,문서/인장,3458,2706,78.3,3586,9
2026년 1분기,지능범죄,유가증권인지,18,10,55.6,9,0
2026년 1분기,지능범죄,사기,100060,56075,56.0,48919,145
2026년 1분기,지능범죄,횡령,15437,8787,56.9,9528,25
2026년 1분기,지능범죄,배임,1111,1026,92.3,2018,13
2026년 1분기,풍속범죄,소계,5912,4874,82.4,7131,1
2026년 1분기,풍속범죄,성풍속범죄,4290,3317,77.3,3599,0
2026년 1분기,풍속범죄,도박범죄,1622,1557,96.0,3532,1
2026년 1분기,특별경제범죄,특별경제범죄,26789,20664,77.1,22713,509
2026년 1분기,마약범죄,마약범죄,2491,2214,88.9,3005,2
2026년 1분기,보건범죄,보건범죄,2122,2098,98.9,2811,68
2026년 1분기,환경범죄,환경범죄,576,530,92.0,581,194
2026년 1분기,교통범죄,교통범죄,49618,47887,96.5,48887,396
2026년 1분기,노동범죄,노동범죄,91,80,87.9,127,10
2026년 1분기,안보범죄,안보범죄,357,316,88.5,641,1
2026년 1분기,선거범죄,선거범죄,117,90,76.9,219,0
2026년 1분기,병역범죄,병역범죄,1954,1538,78.7,1458,1
2026년 1분기,기타범죄,기타범죄,68858,55337,80.4,66926,1001
2026년 2분기,총계,총계,400822,316415,78.9,336624,2620
2026년 2분기,강력범죄,소계,6156,5749,93.4,5980,0
2026년 2분기,강력범죄,살인기수,70,63,90.0,76,0
2026년 2분기,강력범죄,살인미수등,127,120,94.5,121,0
2026년 2분기,강력범죄,강도,138,137,99.3,221,0
2026년 2분기,강력범죄,강간,1283,1209,94.2,1266,0
2026년 2분기,강력범죄,유사강간,240,212,88.3,225,0
2026년 2분기,강력범죄,강제추행,3979,3718,93.4,3765,0
2026년 2분기,강력범죄,기타 강간/강제추행등,41,38,92.7,44,0
2026년 2분기,강력범죄,방화,278,252,90.6,262,0
2026년 2분기,절도범죄,절도범죄,41451,31768,76.6,25804,0
2026년 2분기,폭력범죄,소계,54950,50756,92.4,62834,6
2026년 2분기,폭력범죄,상해,4264,4128,96.8,4853,0
2026년 2분기,폭력범죄,폭행,30075,29233,97.2,36840,0
2026년 2분기,폭력범죄,체포/감금,214,200,93.5,245,1
2026년 2분기,폭력범죄,협박,7456,7143,95.8,7636,1
2026년 2분기,폭력범죄,약취/유인,124,118,95.2,164,0
2026년 2분기,폭력범죄,폭력행위등,1399,1347,96.3,3929,0
2026년 2분기,폭력범죄,공갈,1106,868,78.5,1027,1
2026년 2분기,폭력범죄,손괴,10312,7719,74.9,8140,3
2026년 2분기,지능범죄,소계,125153,77912,62.3,72109,198
2026년 2분기,지능범죄,직무유기,347,164,47.3,407,1
2026년 2분기,지능범죄,직권남용,527,258,49.0,698,0
2026년 2분기,지능범죄,증수뢰,86,71,82.6,206,4
2026년 2분기,지능범죄,통화,76,20,26.3,16,0
2026년 2분기,지능범죄,문서/인장,3620,2931,81.0,3896,14
2026년 2분기,지능범죄,유가증권인지,12,11,91.7,12,0
2026년 2분기,지능범죄,사기,102787,62953,61.2,54621,149
2026년 2분기,지능범죄,횡령,16582,10486,63.2,10481,18
2026년 2분기,지능범죄,배임,1116,1018,91.2,1772,12
2026년 2분기,풍속범죄,소계,7191,6423,89.3,8598,0
2026년 2분기,풍속범죄,성풍속범죄,4678,4020,85.9,4191,0
2026년 2분기,풍속범죄,도박범죄,2513,2403,95.6,4407,0
2026년 2분기,특별경제범죄,특별경제범죄,29808,22325,74.9,25116,593
2026년 2분기,마약범죄,마약범죄,3488,3303,94.7,4221,5
2026년 2분기,보건범죄,보건범죄,2245,2188,97.5,2938,63
2026년 2분기,환경범죄,환경범죄,660,609,92.3,699,228
2026년 2분기,교통범죄,교통범죄,52895,51281,96.9,52373,459
2026년 2분기,노동범죄,노동범죄,93,77,82.8,114,14
2026년 2분기,안보범죄,안보범죄,115,94,81.7,451,0
2026년 2분기,선거범죄,선거범죄,692,435,62.9,547,1
2026년 2분기,병역범죄,병역범죄,2464,2180,88.5,2116,1
2026년 2분기,기타범죄,기타범죄,73461,61315,83.5,72724,1052
