month,china,taiwan,vietnam
2010-01,91252,36399,4515
2010-02,140571,36651,6749
2010-03,141457,27894,7674
2010-04,147680,33518,7152
2010-05,154066,33326,7144
2010-06,150119,32827,7785
2010-07,195188,35951,7578
2010-08,241987,38061,8366
2010-09,176196,32284,7164
2010-10,181428,39829,9992
2010-11,136152,35091,9173
2010-12,119061,24521,6921
2011-01,113927,25391,4606
2011-02,157019,24471,9699
2011-03,163261,25832,10575
2011-04,153875,31982,11361
2011-05,152347,28601,7790
2011-06,179508,41292,9924
2011-07,244573,47198,10466
2011-08,276299,47235,9640
2011-09,231462,37205,8297
2011-10,214681,44002,8640
2011-11,174164,38496,7965
2011-12,159080,36503,6568
2012-01,167022,42925,6184
2012-02,173790,44714,9992
2012-03,183691,35624,9968
2012-04,222114,43201,10456
2012-05,210439,41785,9591
2012-06,234482,50578,10161
2012-07,322917,56117,9522
2012-08,359065,54741,9167
2012-09,283402,49629,7980
2012-10,279440,48573,9392
2012-11,204533,39495,7075
2012-12,195997,40851,7019
2013-01,196371,45171,5155
2013-02,249698,45437,9112
2013-03,276479,42102,10699
2013-04,335069,35107,10199
2013-05,278723,41361,9100
2013-06,399031,53808,10608
2013-07,569787,47728,12485
2013-08,642258,51403,11241
2013-09,483518,46894,11527
2013-10,343273,49564,10700
2013-11,276428,42561,8486
2013-12,276234,43526,7758
2014-01,296708,45282,5661
2014-02,326295,46705,12942
2014-03,423768,47097,11202
2014-04,531947,51360,14006
2014-05,517031,60105,13464
2014-06,573852,60849,12820
2014-07,692053,62042,12393
2014-08,757683,59902,12214
2014-09,564078,52942,11663
2014-10,562278,58542,14339
2014-11,460671,49286,11143
2014-12,420501,49571,9657
2015-01,394345,49798,7895
2015-02,516787,53719,9809
2015-03,515130,52304,18309
2015-04,641610,60752,18937
2015-05,618083,59061,14485
2015-06,315095,14816,10840
2015-07,255632,9879,9172
2015-08,513275,25622,12453
2015-09,591242,46353,14052
2015-10,650174,48929,18740
2015-11,507579,47463,16257
2015-12,465218,49494,11816
2016-01,521981,57700,8843
2016-02,546408,57876,17804
2016-03,601671,57848,18654
2016-04,682318,69151,24455
2016-05,705844,65168,18190
2016-06,758534,87722,24593
2016-07,917519,81459,24540
2016-08,873771,79481,20660
2016-09,726266,73846,23921
2016-10,680918,74516,28558
2016-11,516956,64210,22552
2016-12,535536,64488,18632
2017-01,565243,69623,13193
2017-02,590790,75830,19021
2017-03,360782,74512,25159
2017-04,227811,79203,31324
2017-05,253359,73641,25279
2017-06,254930,77986,31688
2017-07,281263,84678,31528
2017-08,339388,81867,27572
2017-09,318682,74379,28800
2017-10,345384,81625,38472
2017-11,299247,76534,28695
2017-12,332474,75738,24009
2018-01,305127,75820,16285
2018-02,345341,88076,24508
2018-03,403413,94084,37656
2018-04,366604,105177,50727
2018-05,370222,88304,33676
2018-06,379891,102863,48295
2018-07,410337,97696,46310
2018-08,478140,100517,37085
2018-09,434595,87351,37481
2018-10,475307,99972,55380
2018-11,404256,88165,40571
2018-12,416279,87308,29844
2019-01,392814,87954,20183
2019-02,453379,94559,42181
2019-03,487623,98510,46991
2019-04,493250,113072,63169
2019-05,500413,101779,44416
2019-06,475007,118437,58339
2019-07,519132,113587,52521
2019-08,578112,109273,43583
2019-09,541350,102758,43617
2019-10,567695,127944,64820
2019-11,505369,102241,43190
2019-12,508877,90379,30721
2020-01,481681,110354,30232
2020-02,104086,53042,30313
2020-03,16595,585,4048
2020-04,3935,155,6597
2020-05,5124,189,1381
2020-06,5051,240,1032
2020-07,9738,305,1060
2020-08,16275,655,1938
2020-09,15307,329,1447
2020-10,11477,299,853
2020-11,9174,299,1269
2020-12,7987,264,1769
2021-01,7346,253,1012
2021-02,11982,444,1702
2021-03,18980,326,2144
2021-04,16830,278,1349
2021-05,14221,349,1726
2021-06,12942,275,2133
2021-07,13469,304,1704
2021-08,17103,601,1994
2021-09,19144,294,1788
2021-10,14035,341,1511
2021-11,12472,375,2132
2021-12,11691,290,3751
2022-01,9489,309,2318
2022-02,16752,857,5002
2022-03,14726,410,5096
2022-04,10230,505,4041
2022-05,11253,786,6429
2022-06,12741,1008,12884
2022-07,17907,1756,18867
2022-08,30248,4401,24670
2022-09,29531,4555,22784
2022-10,22940,11358,32010
2022-11,24174,17914,27313
2022-12,27367,29066,23647
2023-01,24946,49477,21621
2023-02,45884,47970,28828
2023-03,73390,63504,34929
2023-04,105967,77187,40640
2023-05,128171,66654,29422
2023-06,168035,97365,35848
2023-07,224805,103566,38402
2023-08,259659,98854,39540
2023-09,263940,92411,36665
2023-10,249483,96845,46026
2023-11,221469,86141,37039
2023-12,253675,80633,31728
2024-01,280035,93589,21397
2024-02,343719,96704,39674
2024-03,391347,115578,48721
2024-04,411331,117606,53338
2024-05,395222,116956,38778
2024-06,397325,144255,47323
2024-07,459069,142721,45282
2024-08,505559,148735,47019
2024-09,422809,126130,44680
2024-10,392230,133433,48535
2024-11,297840,119505,40504
2024-12,306787,118696,36169
2025-01,364460,135434,24922
2025-02,340860,120015,51313
2025-03,416849,140017,52874
2025-04,443230,151613,52792
2025-05,484390,150272,41565
2025-06,477052,164885,45408
2025-07,602147,199280,47692
2025-08,604618,191565,51664
2025-09,503186,154992,46001
2025-10,472477,161049,50483
2025-11,377866,158374,44013
2025-12,393834,163918,34378
2026-01,418703,166779,22960
2026-02,504563,183753,50146
2026-03,501060,192138,74859
2026-04,574283,192854,62279
2026-05,563600,191795,42990
2026-06,649582,223127,46422
2026-07,776639,260532,47861
