순번,구코드,구,법정동,아파트,계약일,거래금액(만원),전용면적(㎡),층,건축년도,지번,거래유형,중개사소재지,매수자,매도자,해제사유발생일,등기일자,거래키
1,41591,만세구,향남읍 장짐리,장짐마을신성발안2차미소지움A,2026-06-25,24000,59.9533,11,2007,410,중개거래,경기 화성시 만세구,개인,개인,,,202606:41591:0
2,41591,만세구,향남읍 장짐리,장짐마을신성발안2차미소지움A,2026-06-25,24000,59.9533,11,2007,410,중개거래,경기 화성시 만세구,개인,개인,,,202606:41591:1
3,41591,만세구,향남읍 발안리,우림필유,2026-06-30,27700,84.494,3,2006,305,중개거래,경기 화성시 만세구,개인,개인,,,202606:41591:2
4,41591,만세구,남양읍 남양리,대광파인밸리,2026-06-20,20800,59.65,14,2003,2001,중개거래,경기 화성시 만세구,개인,개인,,,202606:41591:3
5,41591,만세구,새솔동,송산신도시대방노블랜드더퍼스티지1차,2026-06-25,54500,84.9556,6,2018,14,중개거래,경기 화성시 만세구,개인,개인,,,202606:41591:4
6,41591,만세구,새솔동,세영리첼에듀파크,2026-06-30,49500,84.8862,11,2019,26,중개거래,경기 화성시 만세구,개인,개인,,,202606:41591:5
7,41591,만세구,향남읍 하길리,모아미래도에듀파크서봉마을4단지,2026-06-18,40000,73.9805,13,2018,1515,직거래,,개인,개인,,,202606:41591:6
8,41591,만세구,남양읍 남양리,화성남양시티프라디움4차,2026-06-25,41000,84.6434,20,2023,2191,중개거래,경기 화성시 만세구,개인,개인,,,202606:41591:7
9,41591,만세구,향남읍 발안리,우림필유,2026-06-29,27500,84.494,17,2006,305,중개거래,경기 화성시 만세구,개인,개인,,,202606:41591:8
10,41591,만세구,향남읍 발안리,우림필유,2026-06-22,27300,73.611,13,2006,305,중개거래,경기 화성시 만세구,개인,개인,,,202606:41591:9
11,41591,만세구,향남읍 행정리,향남살구꽃마을화성파크드림,2026-06-27,34000,84.9868,15,2008,482,중개거래,경기 화성시 만세구,개인,개인,,,202606:41591:10
12,41591,만세구,남양읍 남양리,e편한세상남양뉴타운,2026-06-26,42800,84.97,8,2022,2195,중개거래,경기 화성시 만세구,개인,개인,,,202606:41591:11
13,41591,만세구,남양읍 남양리,e편한세상남양뉴타운,2026-06-13,44000,84.97,15,2022,2195,중개거래,경기 화성시 만세구,개인,개인,,,202606:41591:12
14,41591,만세구,남양읍 남양리,남양뉴타운양우내안애1차,2026-06-20,35500,69.8681,7,2016,2299,중개거래,경기 화성시 만세구,개인,개인,,,202606:41591:13
15,41591,만세구,장안면 사곡리,산호,2026-06-26,14500,59.88,8,1996,170,중개거래,경기 화성시 만세구,개인,개인,,,202606:41591:14
16,41591,만세구,향남읍 하길리,화성향남서봉마을사랑으로부영3단지,2026-06-26,33000,60.4624,20,2015,1464,중개거래,경기 화성시 만세구,개인,개인,,,202606:41591:15
17,41591,만세구,송산면 사강리,송산렉스타운,2026-06-29,25500,84.8341,6,2014,636-3,중개거래,경기 화성시 만세구,개인,개인,,26.07.08,202606:41591:16
18,41591,만세구,향남읍 행정리,향남시범살구꽃마을풍림아이원,2026-06-22,28800,84.8578,5,2008,480,중개거래,경기 화성시 만세구,개인,개인,,,202606:41591:17
19,41591,만세구,남양읍 신남리,화성시청역서희스타힐스4차숲속마을,2026-06-26,40000,84.9047,16,2023,산96-8,중개거래,경기 화성시 만세구,개인,기타,,,202606:41591:18
20,41591,만세구,향남읍 행정리,살구꽃마을대방노블랜드,2026-06-24,36500,84.96,5,2008,485,중개거래,경기 화성시 만세구,개인,개인,,,202606:41591:19
21,41591,만세구,남양읍 남양리,e편한세상남양뉴타운,2026-06-13,44000,84.97,15,2022,2195,중개거래,경기 화성시 만세구,개인,개인,,,202606:41591:20
22,41591,만세구,향남읍 행정리,화성향남시범복사꽃마을한국아델리,2026-06-27,32000,84.956,15,2008,479,중개거래,경기 화성시 만세구,개인,개인,,,202606:41591:21
23,41591,만세구,팔탄면 가재리,진우,2026-06-17,12500,49.5,9,2002,692-1,중개거래,경기 평택시,개인,개인,,,202606:41591:22
24,41591,만세구,송산면 육일리,포도마을코스코밸리,2026-06-18,17900,59.9176,9,2009,726,중개거래,경기 화성시 만세구,개인,개인,,26.07.10,202606:41591:23
25,41591,만세구,송산면 육일리,포도마을코스코밸리,2026-06-16,21500,84.9468,7,2009,726,중개거래,경기 화성시 만세구,개인,개인,,,202606:41591:24
26,41591,만세구,향남읍 하길리,모아미래도에듀파크서봉마을4단지,2026-06-26,37500,73.9805,8,2018,1515,중개거래,"경기 화성시 만세구, 서울 서초구",개인,개인,,,202606:41591:25
27,41591,만세구,새솔동,세영리첼에듀파크,2026-06-27,49800,84.8862,13,2019,26,중개거래,경기 화성시 만세구,개인,개인,,,202606:41591:26
28,41591,만세구,남양읍 신남리,화성시청역센트럴파크스타힐스1단지,2026-06-30,43500,75.7994,16,2023,1574,중개거래,경기 화성시 만세구,개인,개인,,,202606:41591:27
29,41591,만세구,향남읍 발안리,발안마을주공,2026-06-29,20700,59.92,9,2003,295,중개거래,경기 화성시 만세구,개인,개인,,,202606:41591:28
30,41591,만세구,남양읍 신남리,화성시청역서희스타힐스4차숲속마을,2026-06-28,38000,84.9047,11,2023,산96-8,중개거래,경기 화성시 만세구,개인,개인,,,202606:41591:29
31,41591,만세구,향남읍 행정리,향남지구우미린아파트,2026-06-23,38700,84.94,3,2008,438,중개거래,경기 화성시 만세구,개인,개인,,,202606:41591:30
32,41591,만세구,향남읍 행정리,향남지구우미린아파트,2026-06-25,39000,84.94,3,2008,438,중개거래,경기 화성시 만세구,개인,개인,,,202606:41591:31
33,41591,만세구,남양읍 신남리,화성시청역서희스타힐스4차숲속마을,2026-06-29,38000,84.9047,13,2023,산96-8,중개거래,강원 횡성군,개인,개인,,26.07.20,202606:41591:32
34,41591,만세구,향남읍 행정리,한일베라체,2026-06-25,60000,147.1554,20,2008,494,중개거래,경기 화성시 만세구,개인,법인,,,202606:41591:33
35,41591,만세구,남양읍 신남리,화성시청역서희스타힐스4차숲속마을,2026-06-27,38000,84.9047,18,2023,산96-8,중개거래,경기 화성시 만세구,개인,개인,,,202606:41591:34
36,41591,만세구,새솔동,더펠리체휴먼빌,2026-06-27,51500,84.9699,15,2018,23,중개거래,경기 화성시 만세구,개인,개인,,,202606:41591:35
37,41591,만세구,새솔동,송산신도시대방노블랜드더센트럴3차,2026-06-27,58500,84.9191,1,2019,13,중개거래,경기 화성시 만세구,개인,개인,,,202606:41591:36
38,41591,만세구,향남읍 상신리,한양수자인디에스티지,2026-06-22,43500,76.8208,7,2024,1349,중개거래,경기 화성시 만세구,개인,개인,,,202606:41591:37
39,41591,만세구,향남읍 하길리,서봉마을모아엘가,2026-06-26,35500,74.1378,7,2015,1473,중개거래,경기 화성시 만세구,개인,개인,,,202606:41591:38
40,41591,만세구,장안면 사곡리,진명102동,2026-06-21,4000,45.36,5,1999,125-3,중개거래,경기 화성시 만세구,개인,개인,26.06.27,,202606:41591:39
41,41591,만세구,향남읍 장짐리,장짐마을신성발안미소지움,2026-06-15,21850,59.9563,1,2005,409,중개거래,경기 화성시 만세구,개인,개인,26.06.30,,202606:41591:40
42,41591,만세구,향남읍 상신리,한양수자인디에스티지,2026-06-21,43500,76.8208,16,2024,1349,중개거래,경기 화성시 만세구,개인,개인,,,202606:41591:41
43,41591,만세구,남양읍 신남리,화성시청역센트럴파크스타힐스2단지,2026-06-27,41000,75.7994,10,2023,1572,중개거래,경기 화성시 만세구,개인,개인,,,202606:41591:42
44,41591,만세구,남양읍 남양리,e편한세상남양뉴타운,2026-06-02,42500,84.9339,11,2022,2195,중개거래,경기 화성시 만세구,개인,개인,,26.07.06,202606:41591:43
45,41591,만세구,새솔동,금강펜테리움센트럴파크송산,2026-06-25,58500,84.19,14,2019,19,중개거래,"경기 안산시 상록구, 경기 화성시 만세구",개인,개인,,,202606:41591:44
46,41591,만세구,남양읍 신남리,대광파인밸리골드,2026-06-25,25700,84.305,4,2004,1563,중개거래,경기 화성시 만세구,개인,개인,,,202606:41591:45
47,41591,만세구,남양읍 남양리,화성남양시티프라디움4차,2026-06-25,38500,84.9764,2,2023,2191,중개거래,경기 화성시 만세구,개인,개인,,,202606:41591:46
48,41591,만세구,남양읍 신남리,기산베스트빌,2026-06-24,27000,84.9856,8,2001,25-9,중개거래,경기 화성시 만세구,개인,개인,,,202606:41591:47
49,41591,만세구,남양읍 남양리,e편한세상남양뉴타운,2026-06-04,39800,84.9709,2,2022,2195,중개거래,경기 화성시 만세구,개인,개인,,,202606:41591:48
50,41591,만세구,새솔동,송산그린시티이지더원레이크뷰아파트,2026-06-24,52000,77.6278,3,2018,18,중개거래,경기 수원시 장안구,개인,개인,,,202606:41591:49
51,41591,만세구,향남읍 발안리,발안마을주공,2026-06-24,17700,51.74,13,2003,295,중개거래,경기 화성시 만세구,개인,개인,,,202606:41591:50
52,41591,만세구,새솔동,송산그린시티요진와이시티,2026-06-23,52900,84.98,15,2018,16,중개거래,경기 화성시 만세구,개인,개인,,,202606:41591:51
53,41591,만세구,장안면 사곡리,산호,2026-06-17,12900,59.88,7,1996,170,중개거래,경기 화성시 만세구,개인,개인,,,202606:41591:52
54,41591,만세구,새솔동,모아미래도에듀포레,2026-06-05,49000,84.9974,4,2020,27,중개거래,경기 화성시 만세구,개인,개인,,26.07.07,202606:41591:53
55,41591,만세구,향남읍 하길리,모아미래도에듀파크서봉마을4단지,2026-06-22,37500,73.9805,8,2018,1515,중개거래,경기 화성시 만세구,개인,개인,,,202606:41591:54
56,41591,만세구,남양읍 신남리,대광파인밸리골드,2026-06-23,26800,84.305,10,2004,1563,중개거래,경기 화성시 만세구,개인,개인,,,202606:41591:55
57,41591,만세구,남양읍 남양리,대광파인밸리,2026-06-20,24900,84.96,8,2003,2001,중개거래,경기 화성시 만세구,개인,개인,,,202606:41591:56
58,41591,만세구,남양읍 남양리,대광파인밸리,2026-06-20,22000,59.65,14,2003,2001,중개거래,경기 화성시 만세구,개인,개인,,,202606:41591:57
59,41591,만세구,남양읍 신남리,화성시청역센트럴파크스타힐스1단지,2026-06-15,36500,59.6621,8,2023,1574,중개거래,경기 화성시 만세구,개인,개인,,,202606:41591:58
60,41591,만세구,남양읍 신남리,화성시청역서희스타힐스4차숲속마을,2026-06-10,30000,59.8855,9,2023,산96-8,중개거래,경기 화성시 만세구,개인,기타,,,202606:41591:59
61,41591,만세구,향남읍 상신리,한양수자인디에스티지,2026-06-21,43500,76.8208,16,2024,1349,중개거래,경기 화성시 만세구,개인,개인,26.06.26,,202606:41591:60
62,41591,만세구,새솔동,송산그린시티반도유보라아이비파크,2026-06-20,50300,84.7916,11,2018,22,중개거래,경기 화성시 만세구,개인,개인,,,202606:41591:61
63,41591,만세구,남양읍 신남리,대광파인밸리골드,2026-06-20,24700,84.305,10,2004,1563,중개거래,경기 화성시 만세구,개인,개인,,,202606:41591:62
64,41591,만세구,새솔동,더펠리체휴먼빌,2026-06-20,51000,84.9699,14,2018,23,중개거래,경기 화성시 만세구,개인,개인,,,202606:41591:63
65,41591,만세구,남양읍 남양리,화성남양뉴타운리젠시빌란트,2026-06-20,53200,102.6654,10,2023,2310,중개거래,경기 화성시 만세구,개인,개인,,,202606:41591:64
66,41591,만세구,새솔동,세영리첼에듀파크,2026-06-15,56000,113.6153,5,2019,26,중개거래,경기 화성시 만세구,개인,개인,,,202606:41591:65
67,41591,만세구,남양읍 신남리,화성시청역서희스타힐스4차숲속마을,2026-06-18,37000,75.8886,11,2023,산96-8,중개거래,경기 화성시 만세구,개인,개인,,,202606:41591:66
68,41591,만세구,새솔동,송산신도시대방노블랜드리버스위트2차,2026-06-18,54000,84.9692,8,2019,11,중개거래,경기 화성시 만세구,개인,개인,,,202606:41591:67
69,41591,만세구,새솔동,송산신도시대방노블랜드더센트럴3차,2026-06-15,61500,84.9191,17,2019,13,중개거래,경기 화성시 만세구,개인,개인,,,202606:41591:68
70,41591,만세구,새솔동,송산그린시티반도유보라아이비파크,2026-06-15,49150,84.7916,16,2018,22,중개거래,경기 화성시 만세구,개인,개인,,,202606:41591:69
71,41591,만세구,남양읍 신남리,화성시청역서희스타힐스4차숲속마을,2026-06-18,30400,59.8855,12,2023,산96-8,중개거래,경기 화성시 만세구,개인,개인,,,202606:41591:70
72,41591,만세구,남양읍 남양리,남양우림필유아파트,2026-06-10,32000,84.861,2,2009,2047,중개거래,경기 화성시 만세구,개인,개인,,26.06.24,202606:41591:71
73,41591,만세구,새솔동,금강펜테리움센트럴파크송산,2026-06-15,56000,84.45,19,2019,19,중개거래,"경기 안산시 단원구, 경기 화성시 만세구",개인,개인,,,202606:41591:72
74,41591,만세구,남양읍 신남리,화성시청역센트럴파크스타힐스3단지,2026-06-17,42000,75.7994,10,2023,1573,중개거래,경기 화성시 만세구,개인,개인,,,202606:41591:73
75,41591,만세구,향남읍 발안리,발안마을주공,2026-06-17,18000,51.74,13,2003,295,중개거래,경기 화성시 만세구,개인,개인,,26.07.07,202606:41591:74
76,41591,만세구,남양읍 남양리,화성남양시티프라디움4차,2026-06-12,38500,84.9764,2,2023,2191,중개거래,경기 화성시 만세구,개인,개인,26.06.25,,202606:41591:75
77,41591,만세구,남양읍 남양리,남양우림,2026-06-15,23000,84.327,5,2001,415,중개거래,경기 화성시 만세구,개인,개인,,,202606:41591:76
78,41591,만세구,향남읍 행정리,살구꽃마을대방노블랜드,2026-06-16,37000,84.97,1,2008,485,중개거래,경기 화성시 만세구,개인,개인,,,202606:41591:77
79,41591,만세구,남양읍 남양리,양우내안애2차에듀타운아파트,2026-06-15,37000,74.258,8,2017,2300,중개거래,경기 화성시 만세구,개인,개인,,26.07.15,202606:41591:78
80,41591,만세구,남양읍 신남리,화성시청역센트럴파크스타힐스1단지,2026-06-12,38300,75.7994,22,2023,1574,중개거래,경기 화성시 만세구,개인,개인,,,202606:41591:79
81,41591,만세구,남양읍 신남리,화성시청역서희스타힐스4차숲속마을,2026-06-09,34000,75.8886,18,2023,산96-8,중개거래,경기 화성시 만세구,개인,개인,,26.06.30,202606:41591:80
82,41591,만세구,향남읍 행정리,향남시범살구꽃마을풍림아이원,2026-06-13,30500,84.9524,9,2008,480,중개거래,경기 화성시 만세구,개인,개인,,,202606:41591:81
83,41591,만세구,향남읍 행정리,화성향남시범복사꽃마을상록하늘채아파,2026-06-14,32000,84.8478,1,2009,475,중개거래,경기 화성시 만세구,개인,개인,,,202606:41591:82
84,41591,만세구,남양읍 신남리,화성시청역서희스타힐스4차숲속마을,2026-06-14,34000,75.8668,21,2023,산96-8,중개거래,경기 화성시 만세구,개인,개인,,,202606:41591:83
85,41591,만세구,남양읍 남양리,화성남양시티프라디움4차,2026-06-14,37800,84.6434,1,2023,2191,중개거래,경기 화성시 만세구,개인,개인,,,202606:41591:84
86,41591,만세구,향남읍 행정리,신영지웰,2026-06-12,53000,118.2798,1,2008,492,중개거래,경기 화성시 만세구,개인,개인,,,202606:41591:85
87,41591,만세구,우정읍 조암리,금광포란재,2026-06-10,10500,50.82,9,2000,484-1,중개거래,경기 화성시 만세구,개인,개인,,,202606:41591:86
88,41591,만세구,남양읍 남양리,화성남양시티프라디움4차,2026-06-06,39000,84.9764,4,2023,2191,중개거래,경기 화성시 만세구,개인,개인,,,202606:41591:87
89,41591,만세구,새솔동,송산신도시대방노블랜드더센트럴3차,2026-06-10,55000,84.9644,1,2019,13,중개거래,경기 화성시 만세구,개인,개인,,,202606:41591:88
90,41591,만세구,향남읍 하길리,화성향남서봉마을사랑으로부영3단지,2026-06-12,36500,84.9933,17,2015,1464,중개거래,"경기 화성시 만세구, 경기 화성시 효행구",개인,개인,,,202606:41591:89
91,41591,만세구,향남읍 하길리,화성향남서봉마을사랑으로부영3단지,2026-06-12,36700,84.9933,16,2015,1464,중개거래,경기 화성시 만세구,개인,개인,,,202606:41591:90
92,41591,만세구,남양읍 신남리,화성시청역센트럴파크스타힐스3단지,2026-06-11,42500,75.7994,17,2023,1573,직거래,,개인,개인,,,202606:41591:91
93,41591,만세구,향남읍 하길리,화성향남서봉마을사랑으로부영3단지,2026-06-10,30000,84.9933,3,2015,1464,중개거래,경기 화성시 만세구,개인,개인,,26.07.10,202606:41591:92
94,41591,만세구,새솔동,송산그린시티이지더원레이크뷰아파트,2026-06-11,55300,84.9256,12,2018,18,중개거래,경기 화성시 만세구,개인,개인,,,202606:41591:93
95,41591,만세구,남양읍 남양리,양우내안애2차에듀타운아파트,2026-06-11,37500,74.258,17,2017,2300,중개거래,경기 화성시 만세구,개인,개인,,,202606:41591:94
96,41591,만세구,남양읍 신남리,화성시청역센트럴파크스타힐스3단지,2026-06-11,49500,84.8005,17,2023,1573,중개거래,경기 화성시 만세구,개인,개인,,,202606:41591:95
97,41591,만세구,새솔동,송산신도시대방노블랜드더퍼스티지1차,2026-06-11,57000,84.9914,22,2018,14,중개거래,"경기 안산시 단원구, 경기 화성시 만세구",개인,개인,,,202606:41591:96
98,41591,만세구,남양읍 신남리,화성시청역서희스타힐스4차숲속마을,2026-06-11,38000,84.9047,13,2023,산96-8,중개거래,강원 횡성군,개인,개인,26.06.29,,202606:41591:97
99,41591,만세구,향남읍 상신리,한양수자인디에스티지,2026-06-10,41000,67.5283,17,2024,1349,중개거래,경기 화성시 만세구,개인,개인,,,202606:41591:98
100,41591,만세구,남양읍 신남리,화성시청역센트럴파크스타힐스1단지,2026-06-07,39800,75.7994,1,2023,1574,중개거래,경기 화성시 만세구,개인,개인,,26.06.16,202606:41591:99
